{
  "timestamp": "2026-04-25T18:13:55.679570",
  "best_model": "Logistic Regression",
  "best_f1": 0.8315,
  "models": [
    {
      "model": "Logistic Regression",
      "f1_score": 0.8315,
      "precision": 0.7846,
      "recall": 0.8844,
      "roc_auc": 0.9881,
      "avg_precision": 0.9212,
      "confusion_matrix": [
        [
          3361,
          42
        ],
        [
          20,
          153
        ]
      ],
      "classification_report": {
        "0": {
          "precision": 0.9940845903578823,
          "recall": 0.9876579488686453,
          "f1-score": 0.9908608490566038,
          "support": 3403.0
        },
        "1": {
          "precision": 0.7846153846153846,
          "recall": 0.884393063583815,
          "f1-score": 0.8315217391304348,
          "support": 173.0
        },
        "accuracy": 0.982662192393736,
        "macro avg": {
          "precision": 0.8893499874866335,
          "recall": 0.9360255062262302,
          "f1-score": 0.9111912940935193,
          "support": 3576.0
        },
        "weighted avg": {
          "precision": 0.983950873189691,
          "recall": 0.982662192393736,
          "f1-score": 0.9831523294768422,
          "support": 3576.0
        }
      }
    },
    {
      "model": "Random Forest",
      "f1_score": 0.7841,
      "precision": 0.9219,
      "recall": 0.6821,
      "roc_auc": 0.9861,
      "avg_precision": 0.8864,
      "confusion_matrix": [
        [
          3393,
          10
        ],
        [
          55,
          118
        ]
      ],
      "classification_report": {
        "0": {
          "precision": 0.9840487238979119,
          "recall": 0.9970614163972965,
          "f1-score": 0.9905123339658444,
          "support": 3403.0
        },
        "1": {
          "precision": 0.921875,
          "recall": 0.6820809248554913,
          "f1-score": 0.7840531561461794,
          "support": 173.0
        },
        "accuracy": 0.9818232662192393,
        "macro avg": {
          "precision": 0.9529618619489559,
          "recall": 0.839571170626394,
          "f1-score": 0.8872827450560119,
          "support": 3576.0
        },
        "weighted avg": {
          "precision": 0.9810408787540811,
          "recall": 0.9818232662192393,
          "f1-score": 0.9805242361574545,
          "support": 3576.0
        }
      }
    },
    {
      "model": "XGBoost",
      "f1_score": 0.0923,
      "precision": 0.0484,
      "recall": 1.0,
      "roc_auc": 0.4579,
      "avg_precision": 0.042,
      "confusion_matrix": [
        [
          0,
          3403
        ],
        [
          0,
          173
        ]
      ],
      "classification_report": {
        "0": {
          "precision": 0.0,
          "recall": 0.0,
          "f1-score": 0.0,
          "support": 3403.0
        },
        "1": {
          "precision": 0.04837807606263982,
          "recall": 1.0,
          "f1-score": 0.0922912776740464,
          "support": 173.0
        },
        "accuracy": 0.04837807606263982,
        "macro avg": {
          "precision": 0.02418903803131991,
          "recall": 0.5,
          "f1-score": 0.0461456388370232,
          "support": 3576.0
        },
        "weighted avg": {
          "precision": 0.002340438243522564,
          "recall": 0.04837807606263982,
          "f1-score": 0.004464874451233229,
          "support": 3576.0
        }
      }
    }
  ]
}